{"x": 0.5264942158430942, "y": -0.0014536191926856924, "theta": -0.004032258064516129, "istag": false, "tagid": 0}
{"x": 1.0344870008917029, "y": -0.0030161066651260724, "theta": -0.004032258064516129, "istag": false, "tagid": 0}
{"x": 1.5346320983275827, "y": 0.014358764459681699, "theta": 0.39516129032258057, "istag": false, "tagid": 0}
{"x": 1.9083638362065647, "y": 0.3361908124682285, "theta": 0.9919354838709675, "istag": false, "tagid": 0}
{"x": 2.056153254637395, "y": 0.8165586650263007, "theta": 1.504032258064516, "istag": false, "tagid": 0}
{"x": 2.0298694748894817, "y": 1.3228105569995912, "theta": 1.649193548387097, "istag": false, "tagid": 0}
{"x": 1.99120933568315, "y": 1.8353451599282584, "theta": 1.6491935483870965, "istag": false, "tagid": 0}
{"x": 1.951379880595727, "y": 2.3493012705565564, "theta": 1.653225806451613, "istag": false, "tagid": 0}
{"x": 1.9073274389270973, "y": 2.8849892611141867, "theta": 1.6572580645161288, "istag": false, "tagid": 0}
{"x": 1.8631131778278005, "y": 3.40610757681657, "theta": 1.6733870967741933, "istag": false, "tagid": 0}
{"x": 1.6167795962474591, "y": 3.8336368896816495, "theta": 2.725806451612903, "istag": false, "tagid": 0}
{"x": 1.1229913193591605, "y": 3.833901232963011, "theta": -2.513024016857006, "istag": false, "tagid": 0}
{"x": 0.7530336516993854, "y": 3.488900196076521, "theta": -2.3597982104053936, "istag": false, "tagid": 0}
{"x": 0.3819751979838696, "y": 3.121054842387461, "theta": -2.3638304684699096, "istag": false, "tagid": 0}
{"x": 0.012996452814122046, "y": 2.755368001409111, "theta": -2.359798210405393, "istag": false, "tagid": 0}
{"x": -0.28827388741132426, "y": 2.3288016132705036, "theta": -1.6501207910505555, "istag": false, "tagid": 0}
{"x": -0.29201074188129145, "y": 1.820457425588521, "theta": -1.5049595007279744, "istag": false, "tagid": 0}
{"x": -0.21284720768509507, "y": 1.3168631110468727, "theta": -1.3477014362118456, "istag": false, "tagid": 0}
{"x": -0.09691652436805857, "y": 0.8048267980028548, "theta": -1.3477014362118456, "istag": false, "tagid": 0}
{"x": 0.018502645910418128, "y": 0.2947353237515927, "theta": -1.3477014362118456, "istag": false, "tagid": 0}
{"x": 0.15541609667221867, "y": -0.1956669939082468, "theta": -0.9162498233086203, "istag": false, "tagid": 0}
{"x": 0.8739870706149188, "y": 0.01812329757648495, "theta": 0.07419437137552683, "istag": true, "tagid": 1}
{"x": 1.86464753237152, "y": 1.8096596063739416, "theta": 1.562674989411818, "istag": true, "tagid": 5}
{"x": 0.5427580426414288, "y": 3.196214367905741, "theta": -3.055209552596936, "istag": true, "tagid": 9}
{"x": -0.19466180424615775, "y": 1.4000885683723743, "theta": -1.3857078633946869, "istag": true, "tagid": 7}
