{"x": 0.5026775055348396, "y": 0.00891448327572042, "theta": 0.029259703073695832, "istag": false, "tagid": 0}
{"x": 0.9655317019348189, "y": 0.1866372036455063, "theta": 0.5746957294007367, "istag": false, "tagid": 0}
{"x": 1.3852581705368021, "y": 0.4584729305852335, "theta": 0.5746924365243211, "istag": false, "tagid": 0}
{"x": 1.8468893682407297, "y": 0.7574413140874012, "theta": 0.5746927562078901, "istag": false, "tagid": 0}
{"x": 1.9093376066263292, "y": 0.5183305788938251, "theta": -1.8195108472685946, "istag": false, "tagid": 0}
{"x": 1.786252495984497, "y": 0.033652718097135104, "theta": -1.8195151641344727, "istag": false, "tagid": 0}
{"x": 1.6508726283755106, "y": -0.49941366288442623, "theta": -1.8195197057000458, "istag": false, "tagid": 0}
{"x": 1.5154836186123746, "y": -1.0324763153301402, "theta": -1.819522082607985, "istag": false, "tagid": 0}
{"x": 1.3800914417084569, "y": -1.5655359082301419, "theta": -1.8195269749666296, "istag": false, "tagid": 0}
{"x": 1.2446978488017841, "y": -2.098598643169441, "theta": -1.8195312977185283, "istag": false, "tagid": 0}
{"x": 1.1093022542036362, "y": -2.6316589923787066, "theta": -1.819534464379186, "istag": false, "tagid": 0}
{"x": 0.9739045828384014, "y": -3.164717683169777, "theta": -1.8195362309599394, "istag": false, "tagid": 0}
{"x": 0.8385061818503743, "y": -3.6977788025817038, "theta": -1.8195412640201079, "istag": false, "tagid": 0}
{"x": 0.7031053538810792, "y": -4.230838879668269, "theta": -1.8195442331022624, "istag": false, "tagid": 0}
{"x": 0.699608391714049, "y": -4.66987772299169, "theta": -0.1802090219632453, "istag": false, "tagid": 0}
{"x": 1.2302728056508976, "y": -4.6208456641446025, "theta": -0.21444561269230022, "istag": false, "tagid": 0}
{"x": 1.7552863792308522, "y": -4.726617844937394, "theta": -0.18723899120111012, "istag": false, "tagid": 0}
{"x": 2.2014151590208426, "y": -4.505153566813991, "theta": 0.6065625994332493, "istag": false, "tagid": 0}
{"x": 2.612254989787198, "y": -4.220091810438462, "theta": 0.6065596887649428, "istag": false, "tagid": 0}
{"x": 3.064131911986009, "y": -3.906575160372457, "theta": 0.6065554022307791, "istag": false, "tagid": 0}
{"x": 3.516011172248313, "y": -3.5930605571347085, "theta": 0.6065518939697396, "istag": false, "tagid": 0}
{"x": 3.967890977875097, "y": -3.2795493047744104, "theta": 0.6065477109041804, "istag": false, "tagid": 0}
{"x": 4.502912473604591, "y": -3.20344077471061, "theta": 0.04552604680983305, "istag": false, "tagid": 0}
{"x": 5.002439723551714, "y": -3.180674151232573, "theta": 0.04552175585697225, "istag": false, "tagid": 0}
{"x": 5.551857187048169, "y": -3.155642987276325, "theta": 0.045520010884273945, "istag": false, "tagid": 0}
{"x": 5.989091046052869, "y": -3.2233536033842025, "theta": -1.387379222015456, "istag": false, "tagid": 0}
{"x": 6.056968289019422, "y": -3.761864610924171, "theta": -1.4484463836004864, "istag": false, "tagid": 0}
{"x": 6.1180039386122065, "y": -4.258137792980093, "theta": -1.4484469465556085, "istag": false, "tagid": 0}
{"x": 6.185127190759812, "y": -4.804014691558696, "theta": -1.4484490028160713, "istag": false, "tagid": 0}
{"x": 6.252247640374497, "y": -5.3498907067263515, "theta": -1.4484527121119004, "istag": false, "tagid": 0}
{"x": 6.319366267805279, "y": -5.89576707979173, "theta": -1.448457577384371, "istag": false, "tagid": 0}
{"x": 6.232642999974693, "y": -6.283576705402768, "theta": -3.033585778712578, "istag": false, "tagid": 0}
{"x": 5.6919841888053, "y": -6.343973824829869, "theta": -3.0127371698684575, "istag": false, "tagid": 0}
{"x": 5.1528992413637935, "y": -6.424636198514506, "theta": -2.9832792831357713, "istag": false, "tagid": 0}
{"x": 4.644455390490491, "y": -6.51696372866857, "theta": -2.9550422444486673, "istag": false, "tagid": 0}
{"x": 4.291610626016023, "y": -6.862467628749847, "theta": -2.6087337583086576, "istag": false, "tagid": 0}
{"x": 3.776397619160565, "y": -6.973848401361164, "theta": -2.9621756072764844, "istag": false, "tagid": 0}
{"x": 3.2843952857817778, "y": -7.063087141925252, "theta": -2.9621781472981903, "istag": false, "tagid": 0}
{"x": 2.743237471836302, "y": -7.161235400905816, "theta": -2.9621809394123413, "istag": false, "tagid": 0}
{"x": 2.202078506865414, "y": -7.259379262359297, "theta": -2.962183817433272, "istag": false, "tagid": 0}
{"x": 1.6609188206532173, "y": -7.357521788630495, "theta": -2.9621875108677456, "istag": false, "tagid": 0}
{"x": 1.1197588531205829, "y": -7.455661754537457, "theta": -2.962191861139005, "istag": false, "tagid": 0}
{"x": 0.5785971335123419, "y": -7.553800991282835, "theta": -2.9621962648380107, "istag": false, "tagid": 0}
{"x": 0.1048293789228869, "y": -7.564597584108195, "theta": 2.2882999076333346, "istag": false, "tagid": 0}
{"x": -0.2283205103687853, "y": -7.135969013246799, "theta": 2.2282770269163343, "istag": false, "tagid": 0}
{"x": -0.38854681656706047, "y": -6.660495640174835, "theta": 2.2248624351746313, "istag": false, "tagid": 0}
{"x": -0.5007604096793715, "y": -6.173069614949607, "theta": 2.222220208559192, "istag": false, "tagid": 0}
{"x": -0.6131223311716695, "y": -5.685058235002463, "theta": 2.2194019726861534, "istag": false, "tagid": 0}
{"x": -0.7343813569328439, "y": -5.16028247579835, "theta": 2.2114236337737254, "istag": false, "tagid": 0}
{"x": -0.8473168867534124, "y": -4.669909965339805, "theta": 2.208342909335906, "istag": false, "tagid": 0}
{"x": -0.9604134582002694, "y": -4.17887525235857, "theta": 2.2051891856109664, "istag": false, "tagid": 0}
{"x": -1.073675558990007, "y": -3.687166738141036, "theta": 2.2019431430231045, "istag": false, "tagid": 0}
{"x": -1.187103103075236, "y": -3.19477262962293, "theta": 2.198640289161025, "istag": false, "tagid": 0}
{"x": -1.3007017549197677, "y": -2.701683033141134, "theta": 2.1952428139233606, "istag": false, "tagid": 0}
{"x": -1.41447221840385, "y": -2.2078859801793587, "theta": 2.1917754681179837, "istag": false, "tagid": 0}
{"x": -1.5284194202084436, "y": -1.7133707209743876, "theta": 2.188213268934435, "istag": false, "tagid": 0}
{"x": -1.647273730028112, "y": -1.1994855371510043, "theta": 2.179764381804778, "istag": false, "tagid": 0}
{"x": -1.2356667349798787, "y": -0.9316990099638577, "theta": 0.47541808760602167, "istag": false, "tagid": 0}
{"x": 2.4055407648588414, "y": -4.6099386941335245, "theta": 0.1849930048622358, "istag": true, "tagid": 1}
{"x": 1.9712089584327914, "y": -7.488132924342163, "theta": -2.8377167837856074, "istag": true, "tagid": 2}
