{"x": 0.5481564419869207, "y": 0.00014169734277758028, "theta": 0.0005108428597033703, "istag": false, "tagid": 0}
{"x": 1.0481819606541871, "y": 0.0003945895744915662, "theta": 0.0005068350140300303, "istag": false, "tagid": 0}
{"x": 1.5981690213102773, "y": 0.0006720745155934793, "theta": 0.0005037644717056327, "istag": false, "tagid": 0}
{"x": 2.109413102028369, "y": 0.04196964696839889, "theta": 0.8439416621877311, "istag": false, "tagid": 0}
{"x": 2.119729750624704, "y": 0.5382974018084774, "theta": 0.970798653311417, "istag": false, "tagid": 0}
{"x": 2.086724819209829, "y": 1.0453400627651424, "theta": 0.9574961684372536, "istag": false, "tagid": 0}
{"x": 2.054011332948326, "y": 1.5475663174574983, "theta": 0.9428537647113482, "istag": false, "tagid": 0}
{"x": 1.7341906292147928, "y": 1.7277080270377905, "theta": 2.750865451274435, "istag": false, "tagid": 0}
{"x": 1.2275635786097105, "y": 1.7115659569419188, "theta": 2.9226133904968803, "istag": false, "tagid": 0}
{"x": 0.7006815858375723, "y": 1.6783717814685062, "theta": 2.927893052846479, "istag": false, "tagid": 0}
{"x": 0.17299997683986335, "y": 1.6451462634009721, "theta": 2.9332935747100075, "istag": false, "tagid": 0}
{"x": -0.35548312895402145, "y": 1.6118879819719856, "theta": 2.9387999212425724, "istag": false, "tagid": 0}
{"x": -0.8847689939220873, "y": 1.578598935120395, "theta": 2.9444286711342684, "istag": false, "tagid": 0}
{"x": -1.4148568818375402, "y": 1.5452786555381994, "theta": 2.950170887015271, "istag": false, "tagid": 0}
{"x": -1.945745125512691, "y": 1.511929100721086, "theta": 2.9560399463744846, "istag": false, "tagid": 0}
{"x": -2.369996108696644, "y": 1.4365864446358374, "theta": -3.0747120743444674, "istag": false, "tagid": 0}
{"x": -2.3206729308464813, "y": 1.1008426904372004, "theta": -1.7843746271340064, "istag": false, "tagid": 0}
{"x": -2.287452948902801, "y": 0.5731507078476229, "theta": -1.7788327015620684, "istag": false, "tagid": 0}
{"x": -2.2541932975591537, "y": 0.04462907390985482, "theta": -1.7733184601249838, "istag": false, "tagid": 0}
{"x": -2.2209021411007908, "y": -0.4846946277212014, "theta": -1.7676897506791118, "istag": false, "tagid": 0}
{"x": -2.187580997301255, "y": -1.01482106156799, "theta": -1.7619376798299227, "istag": false, "tagid": 0}
{"x": -2.154229850434101, "y": -1.5457486221932655, "theta": -1.7560639619443807, "istag": false, "tagid": 0}
{"x": -2.1208491408195167, "y": -2.0774763461044525, "theta": -1.750070326976405, "istag": false, "tagid": 0}
{"x": -2.0874409803436644, "y": -2.6100018324067813, "theta": -1.743944322803931, "istag": false, "tagid": 0}
{"x": -2.0540062341336687, "y": -3.143321344588744, "theta": -1.7376838123111848, "istag": false, "tagid": 0}
{"x": -2.0205449226014593, "y": -3.6774316879633906, "theta": -1.7312940078312369, "istag": false, "tagid": 0}
{"x": -1.9870588507706675, "y": -4.212328858635368, "theta": -1.7247665197001814, "istag": false, "tagid": 0}
{"x": -1.7232844908206069, "y": -4.593626280003087, "theta": -0.20400147770327037, "istag": false, "tagid": 0}
{"x": -1.2296477298057098, "y": -4.654460961224934, "theta": -0.6377977689333594, "istag": false, "tagid": 0}
{"x": -0.791020678425765, "y": -4.984837186050205, "theta": -0.6458611291130693, "istag": false, "tagid": 0}
{"x": -0.36028222792558906, "y": -5.217151725412079, "theta": 0.2920753624958489, "istag": false, "tagid": 0}
{"x": 0.1398605083316644, "y": -5.0711543699794905, "theta": 0.10199083030982024, "istag": false, "tagid": 0}
{"x": 0.6546344983430046, "y": -5.028652294373706, "theta": 0.07151218609395203, "istag": false, "tagid": 0}
{"x": 1.1733558255396315, "y": -4.991500141275832, "theta": 0.07155103937181305, "istag": false, "tagid": 0}
{"x": 1.6721089034454997, "y": -4.95575345753793, "theta": 0.07154821889289174, "istag": false, "tagid": 0}
{"x": 2.2206882039512363, "y": -4.916437685518834, "theta": 0.07154469871773482, "istag": false, "tagid": 0}
{"x": 2.769269851990332, "y": -4.877123170384062, "theta": 0.0715407220505515, "istag": false, "tagid": 0}
{"x": 3.3178513796796034, "y": -4.837811626273469, "theta": 0.07153708893982523, "istag": false, "tagid": 0}
{"x": 3.8664321794869867, "y": -4.798502101625391, "theta": 0.07153270347272332, "istag": false, "tagid": 0}
{"x": 4.415011528417566, "y": -4.759196265411132, "theta": 0.07152870202762406, "istag": false, "tagid": 0}
{"x": 4.679535217274607, "y": -4.973420639828067, "theta": -1.6205455810470664, "istag": false, "tagid": 0}
{"x": 4.654668505475956, "y": -5.472874990786656, "theta": -1.620550719007798, "istag": false, "tagid": 0}
{"x": 4.627321522660261, "y": -6.0221891964164636, "theta": -1.6205572549754388, "istag": false, "tagid": 0}
{"x": 4.599964763789522, "y": -6.571497080099517, "theta": -1.6205593669097202, "istag": false, "tagid": 0}
{"x": 4.572606297970835, "y": -7.120803730104302, "theta": -1.620562389790241, "istag": false, "tagid": 0}
{"x": 4.498187805872088, "y": -7.594304902191814, "theta": -2.96022502424319, "istag": false, "tagid": 0}
{"x": 3.9679858153712386, "y": -7.614179689517254, "theta": -3.1150888024455865, "istag": false, "tagid": 0}
{"x": 3.512845523439392, "y": -7.816882746433082, "theta": -2.566149806487257, "istag": false, "tagid": 0}
{"x": 3.0205156211763367, "y": -7.80703122822861, "theta": 2.91977625085885, "istag": false, "tagid": 0}
{"x": 2.5537960217361055, "y": -7.9702213203878465, "theta": -3.092720202796856, "istag": false, "tagid": 0}
{"x": 2.021631575909195, "y": -7.931344685308062, "theta": 3.060545220156712, "istag": false, "tagid": 0}
{"x": 1.5117351920902526, "y": -7.89027691793337, "theta": 3.061546364052901, "istag": false, "tagid": 0}
{"x": 1.0635768685190319, "y": -8.046911960453262, "theta": -2.4320063770033773, "istag": false, "tagid": 0}
{"x": 0.6680033426979637, "y": -8.38641951834266, "theta": -2.4324444259411133, "istag": false, "tagid": 0}
{"x": 0.17038574125351946, "y": -8.293588365232354, "theta": 2.8553689718212416, "istag": false, "tagid": 0}
{"x": -0.30931479974010245, "y": -8.15242673849861, "theta": 2.855366298733338, "istag": false, "tagid": 0}
{"x": -0.8369264577185778, "y": -7.997148856238731, "theta": 2.855363794683836, "istag": false, "tagid": 0}
{"x": -1.364535832583455, "y": -7.841865575797401, "theta": 2.8553591810976986, "istag": false, "tagid": 0}
{"x": -1.6397429497303024, "y": -7.507733127240835, "theta": 1.758886439010936, "istag": false, "tagid": 0}
{"x": -1.7332459761772323, "y": -7.01647965493291, "theta": 1.7588789775160927, "istag": false, "tagid": 0}
{"x": -1.8360702832166, "y": -6.476191906961269, "theta": 1.7588766902296342, "istag": false, "tagid": 0}
{"x": 1.0987011289894466, "y": -0.059735170179885944, "theta": 0.10297136711381846, "istag": true, "tagid": 0}
{"x": 1.3274259865822622, "y": -5.009265014237836, "theta": 0.003939316865499972, "istag": true, "tagid": 1}
{"x": 0.4139931538452204, "y": -7.979917843664891, "theta": -2.9951051032929232, "istag": true, "tagid": 2}
