{"x": 0.5429554474510748, "y": 0.003243706415902381, "theta": 0.024193548387096107, "istag": false, "tagid": 0}
{"x": 1.0825523513640742, "y": 0.023110792645329725, "theta": 0.05645161290322426, "istag": false, "tagid": 0}
{"x": 1.5736030312957423, "y": 0.1515114304926276, "theta": 0.4677419354838693, "istag": false, "tagid": 0}
{"x": 2.0178682981868206, "y": 0.4451184048668619, "theta": 0.6249999999999973, "istag": false, "tagid": 0}
{"x": 2.4454773407860855, "y": 0.7706061584026491, "theta": 0.6935483870967697, "istag": false, "tagid": 0}
{"x": 2.8485249816525515, "y": 1.1162476801456058, "theta": 0.7338709677419298, "istag": false, "tagid": 0}
{"x": 3.2366870584627754, "y": 1.4666896652522443, "theta": 0.8790322580645099, "istag": false, "tagid": 0}
{"x": 3.470232397243109, "y": 1.9275597836836027, "theta": 1.2862903225806381, "istag": false, "tagid": 0}
{"x": 3.4685234683433093, "y": 2.447041532988711, "theta": 1.830645161290314, "istag": false, "tagid": 0}
{"x": 3.234573366690437, "y": 2.9118896060744386, "theta": 2.266129032258056, "istag": false, "tagid": 0}
{"x": 2.8794823118673065, "y": 3.3233052094749715, "theta": 2.3024193548387, "istag": false, "tagid": 0}
{"x": 2.51110451845104, "y": 3.7221814092707537, "theta": 2.3427419354838603, "istag": false, "tagid": 0}
{"x": 2.1192272999243134, "y": 4.044108782834494, "theta": 2.645161290322568, "istag": false, "tagid": 0}
{"x": 1.633519182749157, "y": 4.1607451359052785, "theta": -2.7791530491150853, "istag": false, "tagid": 0}
{"x": 1.162938372894691, "y": 3.9085556723992227, "theta": -2.601733694276377, "istag": false, "tagid": 0}
{"x": 0.7116903167833284, "y": 3.6259184971291507, "theta": -2.565443371695733, "istag": false, "tagid": 0}
{"x": 0.29517172665403174, "y": 3.3485313059845536, "theta": -2.456572403953799, "istag": false, "tagid": 0}
{"x": -0.0801922654698306, "y": 2.9602719458884486, "theta": -2.3114111136312188, "istag": false, "tagid": 0}
{"x": -0.3994707467674207, "y": 2.5733203801711584, "theta": -1.8920562749215428, "istag": false, "tagid": 0}
{"x": -0.5080527219812034, "y": 2.0705732562706305, "theta": -1.6017336942763847, "istag": false, "tagid": 0}
{"x": -0.5103759834088482, "y": 1.5315909248380877, "theta": -1.4928627265344503, "istag": false, "tagid": 0}
{"x": -0.4237749055803876, "y": 1.0123824120820455, "theta": -0.988830468469936, "istag": false, "tagid": 0}
{"x": -0.1177740704989293, "y": 0.6141760816786999, "theta": -0.5936691781473561, "istag": false, "tagid": 0}
{"x": 1.1506605585115426, "y": -0.04321843293033778, "theta": -0.06186858273107689, "istag": true, "tagid": 9}
{"x": 2.888798510355501, "y": 1.1091703445624947, "theta": 0.7314709437129431, "istag": true, "tagid": 3}
{"x": 2.5795740239342795, "y": 3.650714401217031, "theta": 2.375997732105778, "istag": true, "tagid": 7}
{"x": 0.36568090252161517, "y": 3.412422876018717, "theta": -2.345725514759027, "istag": true, "tagid": 1}
{"x": -0.5156680865550944, "y": 1.1568879114667787, "theta": -1.3799370685936239, "istag": true, "tagid": 5}
