{"x": 0.5033740709754555, "y": -0.009641899695570999, "theta": -0.04435483870967617, "istag": false, "tagid": 0}
{"x": 1.0260017808622035, "y": -0.039418744209639034, "theta": -0.08064516129032029, "istag": false, "tagid": 0}
{"x": 1.5008778145841566, "y": -0.20761921651494492, "theta": -0.48790322580644835, "istag": false, "tagid": 0}
{"x": 1.9313718694249604, "y": -0.5179648099757177, "theta": -0.717741935483865, "istag": false, "tagid": 0}
{"x": 2.3137910991781467, "y": -0.8650563860115514, "theta": -0.762096774193541, "istag": false, "tagid": 0}
{"x": 2.6755101124803, "y": -1.2173832690670554, "theta": -0.9314516129032173, "istag": false, "tagid": 0}
{"x": 2.7968666075052084, "y": -1.688986807763202, "theta": -1.89516129032258, "istag": false, "tagid": 0}
{"x": 2.5318557670854753, "y": -2.114949665383554, "theta": -2.2137096774193523, "istag": false, "tagid": 0}
{"x": 2.3545208669504536, "y": -2.604635168780749, "theta": -1.7983870967741886, "istag": false, "tagid": 0}
{"x": 2.193215282061673, "y": -3.100805682187547, "theta": -2.1008064516129004, "istag": false, "tagid": 0}
{"x": 1.924099056212861, "y": -3.542186938141519, "theta": -2.1491935483870925, "istag": false, "tagid": 0}
{"x": 1.5165518762448047, "y": -3.8446432591041106, "theta": -3.1048387096774306, "istag": false, "tagid": 0}
{"x": 1.0092887816795235, "y": -3.827332888832046, "theta": 3.0654433716957037, "istag": false, "tagid": 0}
{"x": 0.4967300363169789, "y": -3.783155660713614, "theta": 2.9081853071795756, "istag": false, "tagid": 0}
{"x": 0.03241142555653087, "y": -3.5426967405635406, "theta": 2.545282081373117, "istag": false, "tagid": 0}
{"x": -0.3044671282809095, "y": -3.1556737495991434, "theta": 1.7912498233085934, "istag": false, "tagid": 0}
{"x": -0.3038866231418096, "y": -2.626916667684977, "theta": 1.5775401458892375, "istag": false, "tagid": 0}
{"x": -0.2446179246091975, "y": -2.1123660854540516, "theta": 1.513024016856978, "istag": false, "tagid": 0}
{"x": -0.20685029874866978, "y": -1.6033066293130993, "theta": 1.4767336942763338, "istag": false, "tagid": 0}
{"x": -0.1506887659267282, "y": -1.1029960003502042, "theta": 1.4323788555666574, "istag": false, "tagid": 0}
{"x": -0.07370182803297931, "y": -0.6039358652095472, "theta": 1.3839917587924655, "istag": false, "tagid": 0}
{"x": 0.02817867470752944, "y": -0.10629717147670398, "theta": 1.3356046620182733, "istag": false, "tagid": 0}
{"x": 0.6983951993948275, "y": -0.0014640910796979156, "theta": -0.11285597102971913, "istag": true, "tagid": 5}
{"x": 2.6735929258059334, "y": -1.1039180102081543, "theta": -0.9562742115267775, "istag": true, "tagid": 7}
{"x": 2.0124518703605796, "y": -3.659140342310843, "theta": -2.0153984884591676, "istag": true, "tagid": 3}
{"x": -0.373335742052302, "y": -3.1848424341953248, "theta": 1.855136747694952, "istag": true, "tagid": 9}
{"x": -0.25219073229523725, "y": -1.4407077145584488, "theta": 1.6501469743505277, "istag": true, "tagid": 1}
