{"x": 0.529978843470552, "y": 0.0007198250487791338, "theta": 0.008064516129032237, "istag": false, "tagid": 0}
{"x": 1.0463657340019572, "y": 0.0071713679093779945, "theta": -0.06854838709677417, "istag": false, "tagid": 0}
{"x": 1.4735850951461922, "y": -0.21608525010891858, "theta": -0.9717741935483868, "istag": false, "tagid": 0}
{"x": 1.766011634875683, "y": -0.6424233586300823, "theta": -0.9717741935483868, "istag": false, "tagid": 0}
{"x": 2.059433895226383, "y": -1.0705060311413606, "theta": -0.9717741935483868, "istag": false, "tagid": 0}
{"x": 2.354308284511598, "y": -1.4981984103082644, "theta": -0.9677419354838708, "istag": false, "tagid": 0}
{"x": 2.521087398807623, "y": -1.9593836695245677, "theta": -1.8064516129032258, "istag": false, "tagid": 0}
{"x": 2.2515981528882754, "y": -2.368902108815938, "theta": -2.358870967741935, "istag": false, "tagid": 0}
{"x": 1.8409354330108147, "y": -2.7138128788348754, "theta": -2.6451612903225796, "istag": false, "tagid": 0}
{"x": 1.3880569756196217, "y": -2.9621422201196745, "theta": -2.6411290322580636, "istag": false, "tagid": 0}
{"x": 0.9107084435598972, "y": -3.128427272895182, "theta": 2.9404433716957152, "istag": false, "tagid": 0}
{"x": 0.504125719033243, "y": -2.8339436359329646, "theta": 1.871894984598942, "istag": false, "tagid": 0}
{"x": 0.43440695220984515, "y": -2.3292309628808576, "theta": 1.66624982330862, "istag": false, "tagid": 0}
{"x": 0.3856160303015551, "y": -1.8130577470390243, "theta": 1.6299595007279748, "istag": false, "tagid": 0}
{"x": 0.3356920909483886, "y": -1.283540600005004, "theta": 2.0856046620182984, "istag": false, "tagid": 0}
{"x": -0.008427780913683014, "y": -0.9114386755365532, "theta": 2.315443371695718, "istag": false, "tagid": 0}
{"x": -0.39973905636308327, "y": -0.5987856609064323, "theta": 2.513024016857009, "istag": false, "tagid": 0}
{"x": -0.8268544305014807, "y": -0.27833607687355194, "theta": 2.2186691781473313, "istag": false, "tagid": 0}
{"x": 0.7617090598475548, "y": 0.012922032879637127, "theta": 0.009734156944232842, "istag": true, "tagid": 5}
{"x": 2.2645386577725444, "y": -1.387897169336565, "theta": -0.8156120798234594, "istag": true, "tagid": 7}
{"x": 1.2738575754694272, "y": -3.136277653016437, "theta": -2.602358722675027, "istag": true, "tagid": 3}
{"x": 0.3289329228472283, "y": -1.3767849678313555, "theta": 1.7903532073759816, "istag": true, "tagid": 1}
