{"x": 0.5039025701729282, "y": 0.008807587858895773, "theta": 0.040322580645161275, "istag": false, "tagid": 0}
{"x": 1.0061026909828508, "y": 0.03669713974877035, "theta": 0.07258064516129036, "istag": false, "tagid": 0}
{"x": 1.5123995191891497, "y": 0.07785689646005703, "theta": 0.10483870967741941, "istag": false, "tagid": 0}
{"x": 2.020574107249307, "y": 0.13949388382170883, "theta": -0.008064516129032227, "istag": false, "tagid": 0}
{"x": 2.5274132127790057, "y": 0.10946001582045639, "theta": -0.06451612903225806, "istag": false, "tagid": 0}
{"x": 3.029603618364583, "y": 0.10278698225820534, "theta": 0.01209677419354841, "istag": false, "tagid": 0}
{"x": 3.5349390613438176, "y": 0.11477927630769608, "theta": 0.04032258064516133, "istag": false, "tagid": 0}
{"x": 4.046742472022184, "y": 0.14101656448305913, "theta": 0.06048387096774199, "istag": false, "tagid": 0}
{"x": 4.569806127102032, "y": 0.17942362380207225, "theta": 0.08064516129032263, "istag": false, "tagid": 0}
{"x": 5.072654431061208, "y": 0.22572519987965778, "theta": 0.1048387096774194, "istag": false, "tagid": 0}
{"x": 5.570156794640929, "y": 0.284610019092635, "theta": 0.13709677419354843, "istag": false, "tagid": 0}
{"x": 6.083067026038132, "y": 0.3604479030512176, "theta": 0.1653225806451613, "istag": false, "tagid": 0}
{"x": 6.597755515111138, "y": 0.4503641637764738, "theta": 0.18548387096774194, "istag": false, "tagid": 0}
{"x": 6.598896024833661, "y": 0.7463021279339861, "theta": -3.04931433943765, "istag": false, "tagid": 0}
{"x": 6.116017891005159, "y": 0.8642623608796199, "theta": 2.689516129032258, "istag": false, "tagid": 0}
{"x": 5.597210595927732, "y": 0.900199968301496, "theta": 3.0846774193548394, "istag": false, "tagid": 0}
{"x": 5.091824695280387, "y": 0.9248777857938718, "theta": 3.108870967741936, "istag": false, "tagid": 0}
{"x": 4.606547259190248, "y": 0.9739182500721792, "theta": 2.8709677419354844, "istag": false, "tagid": 0}
{"x": 4.084153468249008, "y": 0.9254421514642214, "theta": 3.129032258064516, "istag": false, "tagid": 0}
{"x": 3.5528518393451596, "y": 0.9238290612088703, "theta": -2.8315724039537797, "istag": false, "tagid": 0}
{"x": 3.0548241080791394, "y": 0.9094594171792598, "theta": 2.85483870967742, "istag": false, "tagid": 0}
{"x": 2.572984528081851, "y": 1.0484634066359653, "theta": 2.866935483870968, "istag": false, "tagid": 0}
{"x": 2.0561797034868006, "y": 1.1436693719555493, "theta": -3.10173369427636, "istag": false, "tagid": 0}
{"x": 1.546615202389055, "y": 1.1227042490716723, "theta": -3.093669178147328, "istag": false, "tagid": 0}
{"x": 1.0175686134058524, "y": 1.0912881831830517, "theta": -3.0694756297602313, "istag": false, "tagid": 0}
{"x": 0.5086079729166776, "y": 0.9477498815673298, "theta": -2.767056274921522, "istag": false, "tagid": 0}
{"x": 0.04070174474968566, "y": 0.7618488360604733, "theta": -2.754959500727974, "istag": false, "tagid": 0}
{"x": -0.35332556555949474, "y": 0.4665092802481095, "theta": -2.2388304684699087, "istag": false, "tagid": 0}
{"x": 0.6679994962259874, "y": 0.003679617821847614, "theta": 0.10125626913465709, "istag": true, "tagid": 5}
{"x": 3.712824687758807, "y": 0.04189967372456021, "theta": 0.021707435789624217, "istag": true, "tagid": 9}
{"x": 3.1367910836827506, "y": 0.9414820163141846, "theta": -2.328201174439782, "istag": true, "tagid": 1}
{"x": -0.1659663342027996, "y": 0.7655574011234265, "theta": -2.1285730486204733, "istag": true, "tagid": 7}
