{"x": 0.5038009252596112, "y": 0.0005916541881738624, "theta": -0.004301775835817298, "istag": false, "tagid": 0}
{"x": 0.5684728742687071, "y": -0.528890557049916, "theta": -1.4955404146776343, "istag": false, "tagid": 0}
{"x": 0.606070403008033, "y": -1.0275059578471604, "theta": -1.4955466189285012, "istag": false, "tagid": 0}
{"x": 0.6474182940609694, "y": -1.575934520796145, "theta": -1.4955474390816044, "istag": false, "tagid": 0}
{"x": 0.6887638525697355, "y": -2.1243652211325292, "theta": -1.495550188002176, "istag": false, "tagid": 0}
{"x": 0.6930570886913472, "y": -2.631026497296697, "theta": -2.236001647450637, "istag": false, "tagid": 0}
{"x": 0.30961037083133647, "y": -2.998571974665504, "theta": -2.388633683302709, "istag": false, "tagid": 0}
{"x": -0.05524367228028382, "y": -3.340484421194524, "theta": -2.388641262898522, "istag": false, "tagid": 0}
{"x": -0.456555163225147, "y": -3.716560863000638, "theta": -2.3886448950718853, "istag": false, "tagid": 0}
{"x": -0.8578697733298384, "y": -4.092637692509664, "theta": -2.3886497575867014, "istag": false, "tagid": 0}
