{"x": 0.500491955898289, "y": -0.0011310229333341675, "theta": -0.004032258064516157, "istag": false, "tagid": 0}
{"x": 1.0154861270312838, "y": -0.0022560128042052176, "theta": -0.004032258064516184, "istag": false, "tagid": 0}
{"x": 1.307042415641133, "y": -0.28595170341932463, "theta": -1.6169354838709675, "istag": false, "tagid": 0}
{"x": 1.0527907591833368, "y": -0.6412714284219186, "theta": -2.770161290322581, "istag": false, "tagid": 0}
{"x": 0.5462331057743618, "y": -0.7065309680800217, "theta": 3.0775401458892637, "istag": false, "tagid": 0}
{"x": 0.04359991257817975, "y": -0.6282114334442996, "theta": 2.347701436211844, "istag": false, "tagid": 0}
{"x": -0.41210572127937967, "y": -0.583065382583632, "theta": -2.8790322580645165, "istag": false, "tagid": 0}
{"x": -0.8275718691187449, "y": -0.8975477511407232, "theta": -2.4677419354838706, "istag": false, "tagid": 0}
{"x": -1.2804945027163248, "y": -1.0363430761263126, "theta": 2.904153049115072, "istag": false, "tagid": 0}
{"x": -1.7800750050601257, "y": -0.9154650779904825, "theta": 2.904153049115072, "istag": false, "tagid": 0}
{"x": -1.8968546598229532, "y": -0.6846902337997041, "theta": 0.9767336942763607, "istag": false, "tagid": 0}
{"x": -1.6131208913728168, "y": -0.2573121296810117, "theta": 0.9847982104053927, "istag": false, "tagid": 0}
{"x": -1.269020489785613, "y": 0.10598320024273013, "theta": 0.4001207910505546, "istag": false, "tagid": 0}
{"x": -0.77725344859598, "y": 0.13016198936091253, "theta": -0.2611695315300921, "istag": false, "tagid": 0}
{"x": -0.27873111654299304, "y": -0.001018369913080605, "theta": -0.25713727346557613, "istag": false, "tagid": 0}
{"x": 0.9061874869996094, "y": -0.01578189778705817, "theta": -0.0007898831674159162, "istag": true, "tagid": 1}
