{"x": 0.5488906471412065, "y": 0.0006174754679761918, "theta": 0.0004438573084369275, "istag": false, "tagid": 0}
{"x": 1.0414732673076514, "y": -0.04363335976179883, "theta": -0.6346981605102313, "istag": false, "tagid": 0}
{"x": 1.459028243403452, "y": -0.390363899291458, "theta": -0.6960459037680843, "istag": false, "tagid": 0}
{"x": 1.8460487843908595, "y": -0.7129777880198844, "theta": -0.6878315927136432, "istag": false, "tagid": 0}
{"x": 2.3444733278457477, "y": -0.7402672702022812, "theta": 0.0004950973465911532, "istag": false, "tagid": 0}
{"x": 2.8445138213878067, "y": -0.7400120317394396, "theta": 0.0004907656644395624, "istag": false, "tagid": 0}
{"x": 3.364849006464823, "y": -0.6438238153372993, "theta": 0.25176270651925714, "istag": false, "tagid": 0}
{"x": 3.8491318112763224, "y": -0.5192582824667511, "theta": 0.25175908687402254, "istag": false, "tagid": 0}
{"x": 4.337102138141205, "y": -0.5615162235138769, "theta": -0.2990629760659708, "istag": false, "tagid": 0}
{"x": 4.8177606938071165, "y": -0.7102817516985169, "theta": -0.29776595306927334, "istag": false, "tagid": 0}
