{"x": 0.5264724210391627, "y": 0.0022923202701875204, "theta": 0.004032258064516172, "istag": false, "tagid": 0}
{"x": 1.0434594504414947, "y": 0.0033790033015423547, "theta": 0.0040322580645162, "istag": false, "tagid": 0}
{"x": 1.5629481219913237, "y": 0.002788293978085336, "theta": 1.0046838772641806e-16, "istag": false, "tagid": 0}
{"x": 2.0760883071908705, "y": -0.06329246473861525, "theta": -0.6330645161290321, "istag": false, "tagid": 0}
{"x": 2.251397658790958, "y": -0.4540570290595578, "theta": -2.3427419354838706, "istag": false, "tagid": 0}
{"x": 1.8658613249814133, "y": -0.78064224549924, "theta": -2.2258064516129026, "istag": false, "tagid": 0}
{"x": 1.431859895270995, "y": -1.005605258709197, "theta": -3.048387096774193, "istag": false, "tagid": 0}
{"x": 0.9263157029594398, "y": -1.0046690155127147, "theta": 3.0694756297602326, "istag": false, "tagid": 0}
{"x": 0.41098764865984855, "y": -0.9700137055518118, "theta": 3.073507887824749, "istag": false, "tagid": 0}
{"x": -0.11394663735128878, "y": -0.9367523862741006, "theta": 3.0896369200828135, "istag": false, "tagid": 0}
{"x": -0.21045266301069987, "y": -0.46754420080539216, "theta": 1.5049595007279755, "istag": false, "tagid": 0}
{"x": 0.7935047825982504, "y": -0.0011476585098998478, "theta": -0.12458491108574486, "istag": true, "tagid": 3}
