{"x": 0.5214236053647338, "y": -0.008158750554833213, "theta": -0.004032258064516147, "istag": false, "tagid": 0}
{"x": 1.0473981806879251, "y": -0.005410881189755877, "theta": 0.020161290322580076, "istag": false, "tagid": 0}
{"x": 1.5717021953014088, "y": 0.008577145228338176, "theta": 0.03225806451612807, "istag": false, "tagid": 0}
{"x": 2.090943035558544, "y": 0.024874768901752498, "theta": 0.036290322580644095, "istag": false, "tagid": 0}
{"x": 2.616372714516231, "y": 0.0349977304595283, "theta": -0.29032258064516026, "istag": false, "tagid": 0}
{"x": 3.004054369414301, "y": -0.2779739351146709, "theta": -1.2701612903225836, "istag": false, "tagid": 0}
{"x": 2.961289853740648, "y": -0.7647103485424399, "theta": -2.2379032258064626, "istag": false, "tagid": 0}
{"x": 2.5373658267951633, "y": -1.0339626008636473, "theta": -2.907258064516128, "istag": false, "tagid": 0}
{"x": 2.010339924872147, "y": -1.0960524751320664, "theta": -3.108870967741929, "istag": false, "tagid": 0}
{"x": 1.5049787893427877, "y": -1.1070678211490002, "theta": -3.137096774193541, "istag": false, "tagid": 0}
{"x": 0.9960735374844207, "y": -1.0998126553974816, "theta": 3.105765952340885, "istag": false, "tagid": 0}
{"x": 0.49292772966526366, "y": -1.081228143771794, "theta": 3.101733694276369, "istag": false, "tagid": 0}
{"x": -0.027646056881575176, "y": -1.0602618110210917, "theta": 3.101733694276369, "istag": false, "tagid": 0}
{"x": -0.4973672408302996, "y": -0.8961185392225894, "theta": 2.2468949845989497, "istag": false, "tagid": 0}
{"x": -0.44093801217261075, "y": -0.4232719165704892, "theta": 1.1904433716957254, "istag": false, "tagid": 0}
{"x": -0.174101402443233, "y": -0.0347851943103624, "theta": 0.19850788782475717, "istag": false, "tagid": 0}
{"x": 0.7670713225407144, "y": 0.023029883805323764, "theta": -0.15676816088467596, "istag": true, "tagid": 3}
