{"x": 0.5252920243604458, "y": 0.015902857307829463, "theta": -0.09274193548387107, "istag": false, "tagid": 0}
{"x": 1.0192739924339103, "y": 0.070023199565785, "theta": 0.19354838709677413, "istag": false, "tagid": 0}
{"x": 1.521279948117233, "y": 0.17054954378187198, "theta": 0.15322580645161285, "istag": false, "tagid": 0}
{"x": 1.798676375782721, "y": -0.20161285548680394, "theta": -1.4354838709677418, "istag": false, "tagid": 0}
{"x": 1.666171471528533, "y": -0.6983843708367076, "theta": -1.8790322580645158, "istag": false, "tagid": 0}
{"x": 1.3249598670280969, "y": -1.0335294537150805, "theta": -2.669354838709677, "istag": false, "tagid": 0}
{"x": 0.8203221353205913, "y": -0.857312543035874, "theta": 2.7952820813731347, "istag": false, "tagid": 0}
{"x": 0.3391392280949013, "y": -0.7311576437290133, "theta": 2.90415304911507, "istag": false, "tagid": 0}
{"x": -0.16549924259844623, "y": -0.6078234651011808, "theta": 2.9001207910505533, "istag": false, "tagid": 0}
{"x": -0.6665803618458649, "y": -0.4846490470319385, "theta": 2.9001207910505533, "istag": false, "tagid": 0}
{"x": -1.1589806372616889, "y": -0.36389906481845646, "theta": 2.9001207910505533, "istag": false, "tagid": 0}
{"x": -1.6614307821801706, "y": -0.24213161850896878, "theta": 2.9001207910505533, "istag": false, "tagid": 0}
{"x": -2.165901399525269, "y": -0.12022162860994243, "theta": 2.9081853071795853, "istag": false, "tagid": 0}
{"x": 1.0636819417224874, "y": 0.11329368164303123, "theta": -0.16567647585422102, "istag": true, "tagid": 3}
