{"x": 0.5480594435520694, "y": 0.0002514273894628216, "theta": 0.0007712257508851632, "istag": false, "tagid": 0}
{"x": 0.7844198604194388, "y": -0.324740591917587, "theta": -1.3965035741308083, "istag": false, "tagid": 0}
{"x": 0.7203573900062439, "y": -0.7297164817132291, "theta": -2.8807491200504534, "istag": false, "tagid": 0}
{"x": 0.1887056486266181, "y": -0.866694159583449, "theta": -2.8898067125934186, "istag": false, "tagid": 0}
{"x": -0.1608894767265665, "y": -1.1319701729663887, "theta": -1.6909516978495875, "istag": false, "tagid": 0}
{"x": -0.22082276464562267, "y": -1.6284386247943554, "theta": -1.690939433607364, "istag": false, "tagid": 0}
{"x": -0.28075398575546906, "y": -2.12483930819532, "theta": -1.6909452725072263, "istag": false, "tagid": 0}
{"x": -0.34667851363242375, "y": -2.670859023692869, "theta": -1.6909503693390353, "istag": false, "tagid": 0}
{"x": -0.4126046216351307, "y": -3.2168802447104197, "theta": -1.6909542568381752, "istag": false, "tagid": 0}
{"x": -0.4785324312008781, "y": -3.762901756099196, "theta": -1.690958456050126, "istag": false, "tagid": 0}
{"x": -0.30738066780867257, "y": -4.162503345486589, "theta": -0.49767290546536386, "istag": false, "tagid": 0}
{"x": 0.15077706891277742, "y": -4.41118309731443, "theta": -0.4982306171748813, "istag": false, "tagid": 0}
{"x": 0.5294035524956426, "y": -4.735943533642763, "theta": -0.7461508616519684, "istag": false, "tagid": 0}
{"x": 1.0076836961476416, "y": -4.721571427359739, "theta": -0.21501970418263866, "istag": false, "tagid": 0}
{"x": 1.467581093962447, "y": -4.9411957270934455, "theta": -0.46706443645588724, "istag": false, "tagid": 0}
{"x": 1.9140572992939624, "y": -5.166332524203184, "theta": -0.4670672717350134, "istag": false, "tagid": 0}
{"x": 2.3188781447902365, "y": -5.436487736832867, "theta": -1.302892426679486, "istag": false, "tagid": 0}
{"x": 2.432362280025556, "y": -5.967339621302107, "theta": -1.3632991185648673, "istag": false, "tagid": 0}
{"x": 2.5353636998355658, "y": -6.456626464769564, "theta": -1.3633023889996285, "istag": false, "tagid": 0}
{"x": 2.434707467727086, "y": -6.8457752825656035, "theta": -2.756213587654974, "istag": false, "tagid": 0}
{"x": 1.9713070007791267, "y": -7.033750734261965, "theta": -2.7562339743938873, "istag": false, "tagid": 0}
{"x": 1.5060723554168038, "y": -7.222933611565971, "theta": -2.7537424488715674, "istag": false, "tagid": 0}
{"x": 1.255483544667529, "y": -7.641555084162556, "theta": -1.9605180098539563, "istag": false, "tagid": 0}
{"x": 0.8087597909440494, "y": -7.913779070222768, "theta": -2.6572778617833888, "istag": false, "tagid": 0}
{"x": 0.34459437409419347, "y": -7.709578286253111, "theta": 2.628151476603326, "istag": false, "tagid": 0}
{"x": 0.01078009521161527, "y": -7.422762097735935, "theta": 1.192922651972238, "istag": false, "tagid": 0}
{"x": 0.23943955719946408, "y": -6.930292561334687, "theta": 1.1331958865879195, "istag": false, "tagid": 0}
{"x": 0.038987457991513486, "y": -6.531579600823295, "theta": 2.329887812757275, "istag": false, "tagid": 0}
{"x": 0.19817960987868544, "y": -6.1018542701944884, "theta": 1.033547198723572, "istag": false, "tagid": 0}
{"x": 0.47152016510141226, "y": -5.630207596022616, "theta": 1.0639278389714792, "istag": false, "tagid": 0}
{"x": 0.7154913588780902, "y": -5.1899423034978, "theta": 1.0711633935637817, "istag": false, "tagid": 0}
{"x": 0.4226791869648088, "y": -4.785083492818957, "theta": 2.262291548846188, "istag": false, "tagid": 0}
{"x": 0.1038003316443501, "y": -4.399915240134732, "theta": 2.2622898143160066, "istag": false, "tagid": 0}
{"x": -0.2469204107738947, "y": -3.976264141629888, "theta": 2.262284861262515, "istag": false, "tagid": 0}
{"x": -0.4643028974091121, "y": -3.5027028844917485, "theta": 1.5655348444935495, "istag": false, "tagid": 0}
{"x": -0.46167246549005236, "y": -3.002636901387914, "theta": 1.5655303002800045, "istag": false, "tagid": 0}
{"x": -0.4587826793944014, "y": -2.4526519241273443, "theta": 1.5655274983070429, "istag": false, "tagid": 0}
{"x": -0.4558832876603607, "y": -1.9026734387037791, "theta": 1.5655260808665161, "istag": false, "tagid": 0}
{"x": -0.4529833926902993, "y": -1.352692247486036, "theta": 1.5655206551771486, "istag": false, "tagid": 0}
{"x": -0.45008064049528507, "y": -0.8027142908785032, "theta": 1.5655164930811967, "istag": false, "tagid": 0}
{"x": 0.8391972700771648, "y": 0.11107464004774803, "theta": -2.8687448437945062, "istag": true, "tagid": 0}
{"x": 1.1137279176279777, "y": -5.271316874419313, "theta": 2.3783282765184928, "istag": true, "tagid": 1}
{"x": 0.7128486781878232, "y": -8.365005274860748, "theta": 0.7191720312431669, "istag": true, "tagid": 2}
