{"x": -0.5054086547028187, "y": -0.001716628889373073, "theta": 0.004224075185631061, "istag": false, "tagid": 0}
{"x": -0.6476017994093102, "y": -0.002175528823688211, "theta": 0.004324130717458852, "istag": false, "tagid": 0}
{"x": -0.14753350595547232, "y": -1.4577814919425336e-05, "theta": 0.004319253801357671, "istag": false, "tagid": 0}
{"x": 0.3524624907348364, "y": 0.002144428922649433, "theta": 0.004316698281954913, "istag": false, "tagid": 0}
{"x": 0.8548400433565335, "y": 0.005469265497454523, "theta": 0.007008973463161319, "istag": false, "tagid": 0}
{"x": 1.3548768216173024, "y": 0.008972776514096559, "theta": 0.007005949975912752, "istag": false, "tagid": 0}
{"x": 1.904851456910263, "y": 0.01282444167537622, "theta": 0.007000357094709476, "istag": false, "tagid": 0}
{"x": 2.163515181545641, "y": 0.08832440140286513, "theta": 1.6774453412792876, "istag": false, "tagid": 0}
{"x": 2.110125472002446, "y": 0.5889252006542179, "theta": 1.670791762183149, "istag": false, "tagid": 0}
{"x": 2.178028364488597, "y": 1.0827773755293761, "theta": 0.9750472318059725, "istag": false, "tagid": 0}
{"x": 2.2199772278137253, "y": 1.5849408680643795, "theta": 1.5286111170996588, "istag": false, "tagid": 0}
{"x": 1.9403725687000801, "y": 1.7113234671049766, "theta": 2.927391931280679, "istag": false, "tagid": 0}
{"x": 1.4033045364249077, "y": 1.7118035278409292, "theta": 2.9343678311844568, "istag": false, "tagid": 0}
{"x": 0.865441503170757, "y": 1.7123154364027608, "theta": 2.9415160974975487, "istag": false, "tagid": 0}
{"x": 0.32679112539763655, "y": 1.7128631093650406, "theta": 2.94886090981859, "istag": false, "tagid": 0}
{"x": -0.21267561535289747, "y": 1.7134773632819962, "theta": 2.956634985740696, "istag": false, "tagid": 0}
{"x": -0.7530372598893362, "y": 1.7142065310225036, "theta": 2.9651898770868477, "istag": false, "tagid": 0}
{"x": -1.2942723461761236, "y": 1.715011384367884, "theta": 2.974201505551144, "istag": false, "tagid": 0}
{"x": -1.8363589138872485, "y": 1.7158843492416778, "theta": 2.983604446718266, "istag": false, "tagid": 0}
{"x": -2.198157634049316, "y": 1.7046508331520855, "theta": -2.103577289312147, "istag": false, "tagid": 0}
{"x": -2.19759991553616, "y": 1.181990440609687, "theta": -2.1054933362404262, "istag": false, "tagid": 0}
{"x": -2.1970215040732706, "y": 0.650966452533202, "theta": -2.107592364573208, "istag": false, "tagid": 0}
{"x": -2.1964438814208602, "y": 0.13679489157488944, "theta": -2.110011987086004, "istag": false, "tagid": 0}
{"x": -2.1958751261067064, "y": -0.3767345214040566, "theta": -2.112318227847524, "istag": false, "tagid": 0}
{"x": -2.1953112282479568, "y": -0.8895149677380211, "theta": -2.114569541694179, "istag": false, "tagid": 0}
{"x": 1.0566973001522946, "y": -0.014254932910354179, "theta": -2.89216319331079, "istag": true, "tagid": 0}
